tier,n_subjects,mean_fd,ols_slope,ols_intercept
Minimal motion,290,0.0736374299748276,-5.627499929884845e-05,0.07987813334534817
Low motion,163,0.10724103539877301,-1.0758507732458405e-05,0.1083927699532459
Medium motion,228,0.14523477191447368,-0.0009679921075826884,0.2496420609919889
High motion,254,0.19673732623385828,-0.0026050653981433054,0.4732537364674868
